Date,Event,Location,url
"May 16, 2020",UFC Fight Night: Overeem vs. Harris,"Jacksonville, Florida, USA",http://ufcstats.com/event-details/dfb965c9824425db
"May 13, 2020",UFC Fight Night: Smith vs. Teixeira,"Jacksonville, Florida, USA",http://ufcstats.com/event-details/5f8e00c27b7e7410
"May 09, 2020",UFC 249: Ferguson vs. Gaethje,"Jacksonville, Florida, USA",http://ufcstats.com/event-details/898337ef520fe4d3
"March 14, 2020",UFC Fight Night: Lee vs. Oliveira,"Brasilia, Distrito Federal, Brazil",http://ufcstats.com/event-details/53278852bcd91e11
"March 07, 2020",UFC 248: Adesanya vs. Romero,"Las Vegas, Nevada, USA",http://ufcstats.com/event-details/0b5b6876c2a4723f
"February 29, 2020",UFC Fight Night: Benavidez vs. Figueiredo,"Norfolk, Virginia, USA",http://ufcstats.com/event-details/fc9a9559a05f2704
"February 22, 2020",UFC Fight Night: Felder vs. Hooker,"Auckland, New Zealand",http://ufcstats.com/event-details/33b2f68ef95252e0
"February 15, 2020",UFC Fight Night: Anderson vs. Blachowicz,"Rio Rancho, New Mexico, USA",http://ufcstats.com/event-details/5df17b3620145578
"February 08, 2020",UFC 247: Jones vs. Reyes,"Houston, Texas, USA",http://ufcstats.com/event-details/b26d3e3746fb4024
"January 25, 2020",UFC Fight Night: Blaydes vs. Dos Santos,"Raleigh, North Carolina, USA",http://ufcstats.com/event-details/44aa652b181bcf68
"January 18, 2020",UFC 246: McGregor vs. Cowboy,"Las Vegas, Nevada, USA",http://ufcstats.com/event-details/0c1773639c795466
"December 21, 2019",UFC Fight Night: Edgar vs. The Korean Zombie,"Busan, South Korea",http://ufcstats.com/event-details/74fefd43f073cd2f
"December 14, 2019",UFC 245: Usman vs. Covington,"Las Vegas, Nevada, USA",http://ufcstats.com/event-details/4565d435005319c0
"December 07, 2019",UFC Fight Night: Overeem vs. Rozenstruik,"Washington, DC, USA",http://ufcstats.com/event-details/b09890ba7ce1d1e2
"November 16, 2019",UFC Fight Night: Blachowicz vs. Jacare,"Sao Paulo, Sao Paulo, Brazil",http://ufcstats.com/event-details/81ca2c245b19b3c5
"November 09, 2019",UFC Fight Night: Zabit vs. Kattar,"Moscow, Moscow, Russia",http://ufcstats.com/event-details/8d5daf67983b65ba
"November 02, 2019",UFC 244: Masvidal vs. Diaz,"New York City, New York, USA",http://ufcstats.com/event-details/fd87b1bbfcde9d5e
"October 26, 2019",UFC Fight Night: Maia vs. Askren,"Kallang, Singapore",http://ufcstats.com/event-details/df05aa15b2d66f57
"October 18, 2019",UFC Fight Night: Reyes vs. Weidman,"Boston, Massachusetts, USA",http://ufcstats.com/event-details/3ae10ac4df3df05c
"October 12, 2019",UFC Fight Night: Joanna vs. Waterson,"Tampa, Florida, USA",http://ufcstats.com/event-details/0941df56f6ac954b
"October 05, 2019",UFC 243: Whittaker vs. Adesanya,"Melbourne, Victoria, Australia",http://ufcstats.com/event-details/3cf68c1d17f66af7
"September 28, 2019",UFC Fight Night: Hermansson vs. Cannonier,"Copenhagen, Denmark",http://ufcstats.com/event-details/1bf49bf829964144
"September 21, 2019",UFC Fight Night: Rodriguez vs. Stephens,"Mexico City, Distrito Federal, Mexico",http://ufcstats.com/event-details/94a5aaf573f780ad
"September 14, 2019",UFC Fight Night: Cowboy vs. Gaethje,"Vancouver, British Columbia, Canada",http://ufcstats.com/event-details/4834ff149dc9542a
"September 07, 2019",UFC 242: Khabib vs. Poirier,"Abu Dhabi, Abu Dhabi, United Arab Emirates",http://ufcstats.com/event-details/a79bfbc01b2264d6
"August 31, 2019",UFC Fight Night: Andrade vs. Zhang,"Shenzhen, Guangdong, China",http://ufcstats.com/event-details/2c104b7e59a72629
"August 17, 2019",UFC 241: Cormier vs. Miocic 2,"Anaheim, California, USA",http://ufcstats.com/event-details/70167689d6a01793
"August 10, 2019",UFC Fight Night: Shevchenko vs. Carmouche 2,"Montevideo, Uruguay",http://ufcstats.com/event-details/e5d03e4d966126bd
"August 03, 2019",UFC Fight Night: Covington vs. Lawler,"Newark, New Jersey, USA",http://ufcstats.com/event-details/03da33a102d9a45f
"July 27, 2019",UFC 240: Holloway vs. Edgar,"Edmonton, Alberta, Canada",http://ufcstats.com/event-details/abcf7e55a0a9ed89
"July 20, 2019",UFC Fight Night: Dos Anjos vs. Edwards,"San Antonio, Texas, USA",http://ufcstats.com/event-details/9e0f28d1f639ad73
"July 13, 2019",UFC Fight Night: De Randamie vs. Ladd,"Sacramento, California, USA",http://ufcstats.com/event-details/2f8f3c69522db931
"July 06, 2019",UFC 239: Jones vs. Santos,"Las Vegas, Nevada, USA",http://ufcstats.com/event-details/6c9383ffab2725a5
"June 29, 2019",UFC Fight Night: Ngannou vs. Dos Santos,"Minneapolis, Minnesota, USA",http://ufcstats.com/event-details/c0c1bc0766df4c00
"June 22, 2019",UFC Fight Night: Moicano vs. The Korean Zombie,"Greenville, South Carolina, USA",http://ufcstats.com/event-details/b16a7e6a627e9789
"June 08, 2019",UFC 238: Cejudo vs. Moraes,"Chicago, Illinois, USA",http://ufcstats.com/event-details/e31502e3f79d00c5
"June 01, 2019",UFC Fight Night: Gustafsson vs. Smith,"Stockholm, Sweden",http://ufcstats.com/event-details/cbc071cb20ea59c7
"May 18, 2019",UFC Fight Night: Dos Anjos vs. Lee,"Rochester, New York, USA",http://ufcstats.com/event-details/6b8f28da9a483049
"May 11, 2019",UFC 237: Namajunas vs. Andrade,"Rio de Janeiro, Rio de Janeiro, Brazil",http://ufcstats.com/event-details/9de7c97e1c0d7927
"May 04, 2019",UFC Fight Night: Iaquinta vs. Cowboy,"Ottawa, Ontario, Canada",http://ufcstats.com/event-details/351264d11286d09a
"April 27, 2019",UFC Fight Night: Jacare vs. Hermansson,"Sunrise, Florida, USA",http://ufcstats.com/event-details/c912f676692c353a
"April 20, 2019",UFC Fight Night: Overeem vs. Oleinik,"Saint Petersburg, Saint Petersburg, Russia",http://ufcstats.com/event-details/7dcf06c1967801c1
"April 13, 2019",UFC 236: Holloway vs. Poirier 2,"Atlanta, Georgia, USA",http://ufcstats.com/event-details/b0550072e5f0afa7
"March 30, 2019",UFC Fight Night: Barboza vs. Gaethje,"Philadelphia, Pennsylvania, USA",http://ufcstats.com/event-details/9649d75defe0dedb
"March 23, 2019",UFC Fight Night: Thompson vs. Pettis,"Nashville, Tennessee, USA",http://ufcstats.com/event-details/487c170da059857d
"March 16, 2019",UFC Fight Night: Till vs. Masvidal,"London, England, United Kingdom",http://ufcstats.com/event-details/80eacd4da0617c57
"March 09, 2019",UFC Fight Night: Lewis vs. Dos Santos,"Wichita, Kansas, USA",http://ufcstats.com/event-details/e96d8538d3f9d0ed
"March 02, 2019",UFC 235: Jones vs. Smith,"Las Vegas, Nevada, USA",http://ufcstats.com/event-details/2d5fbe2103f97053
"February 23, 2019",UFC Fight Night: Blachowicz vs. Santos,"Prague, Czech Republic",http://ufcstats.com/event-details/6546af7ab545b90c
"February 17, 2019",UFC Fight Night: Ngannou vs. Velasquez,"Phoenix, Arizona, USA",http://ufcstats.com/event-details/a7a79b8efbceaaac
"February 09, 2019",UFC 234: Adesanya vs. Silva,"Melbourne, Victoria, Australia",http://ufcstats.com/event-details/b5882371e2a3900d
"February 02, 2019",UFC Fight Night: Assuncao vs. Moraes 2,"Fortaleza, Ceara, Brazil",http://ufcstats.com/event-details/84283233ec42be5f
"January 19, 2019",UFC Fight Night: Cejudo vs. Dillashaw,"Brooklyn, New York, USA",http://ufcstats.com/event-details/d4da8995fc91e7ef
"December 29, 2018",UFC 232: Jones vs. Gustafsson 2,"Los Angeles, California, USA",http://ufcstats.com/event-details/c046100aea0dba9a
"December 15, 2018",UFC Fight Night: Lee vs. Iaquinta,"Milwaukee, Wisconsin, USA",http://ufcstats.com/event-details/7a703c565ccaa18f
"December 08, 2018",UFC 231: Holloway vs. Ortega,"Toronto, Ontario, Canada",http://ufcstats.com/event-details/2a74bbba57058f12
"December 01, 2018",UFC Fight Night: Dos Santos vs. Tuivasa,"Adelaide, South Australia, Australia",http://ufcstats.com/event-details/d1d20e651e6cbc02
"November 30, 2018",The Ultimate Fighter: Heavy Hitters Finale,"Las Vegas, Nevada, USA",http://ufcstats.com/event-details/c7ac79839e86ce33
"November 24, 2018",UFC Fight Night: Blaydes vs. Ngannou 2,"Beijing, China",http://ufcstats.com/event-details/de25520d54eab12d
"November 17, 2018",UFC Fight Night: Magny vs. Ponzinibbio,"Buenos Aires, Buenos Aires, Argentina",http://ufcstats.com/event-details/aa3153a9941b4d44
"November 10, 2018",UFC Fight Night: Korean Zombie vs. Rodriguez,"Denver, Colorado, USA",http://ufcstats.com/event-details/42c96a9c4802e2e1
"November 03, 2018",UFC 230: Cormier vs. Lewis,"New York City, New York, USA",http://ufcstats.com/event-details/20821819c401ced8
"October 27, 2018",UFC Fight Night: Oezdemir vs. Smith,"Moncton, New Brunswick, Canada",http://ufcstats.com/event-details/33a331684283900f
"October 06, 2018",UFC 229: Khabib vs. McGregor,"Las Vegas, Nevada, USA",http://ufcstats.com/event-details/1ef0eae31904e534
"September 22, 2018",UFC Fight Night: Marreta vs. Anders,"Sao Paulo, Sao Paulo, Brazil",http://ufcstats.com/event-details/852454c572675334
"September 15, 2018",UFC Fight Night: Hunt vs. Oleinik,"Moscow, Moscow, Russia",http://ufcstats.com/event-details/8d49545dadf9b919
"September 08, 2018",UFC 228: Woodley vs. Till,"Dallas, Texas, USA",http://ufcstats.com/event-details/d5ae8074631762fc
"August 25, 2018",UFC Fight Night: Gaethje vs. Vick,"Lincoln, Nebraska, USA",http://ufcstats.com/event-details/c0342805a1948cbb
"August 04, 2018",UFC 227: Dillashaw vs. Garbrandt 2,"Los Angeles, California, USA",http://ufcstats.com/event-details/03b1e846b09f721d
"July 28, 2018",UFC Fight Night: Alvarez vs. Poirier 2,"Calgary, Alberta, Canada",http://ufcstats.com/event-details/322a56923b396b4d
"July 22, 2018",UFC Fight Night: Shogun vs. Smith,"Hamburg, Hamburg, Germany",http://ufcstats.com/event-details/4f732e58ed907eff
"July 14, 2018",UFC Fight Night: Dos Santos vs. Ivanov,"Boise, Idaho, USA",http://ufcstats.com/event-details/b45d6b73f4ca4467
"July 07, 2018",UFC 226: Miocic vs. Cormier,"Las Vegas, Nevada, USA",http://ufcstats.com/event-details/35585d970300d45a
"July 06, 2018",The Ultimate Fighter: Undefeated Finale,"Las Vegas, Nevada, USA",http://ufcstats.com/event-details/8215e4fe24e8e81b
"June 23, 2018",UFC Fight Night: Cowboy vs. Edwards,"Kallang, Singapore",http://ufcstats.com/event-details/ac5f67109accb482
"June 09, 2018",UFC 225: Whittaker vs. Romero 2,"Chicago, Illinois, USA",http://ufcstats.com/event-details/2eae41f61776c60f
"June 01, 2018",UFC Fight Night: Rivera vs. Moraes,"Utica, New York, USA",http://ufcstats.com/event-details/d29b5c4f22c6357d
"May 27, 2018",UFC Fight Night: Thompson vs. Till,"Liverpool, England, United Kingdom",http://ufcstats.com/event-details/f5990c11974d8e9c
"May 19, 2018",UFC Fight Night: Maia vs. Usman,"Santiago, Chile",http://ufcstats.com/event-details/3144121470023e9a
"May 12, 2018",UFC 224: Nunes vs. Pennington,"Rio de Janeiro, Rio de Janeiro, Brazil",http://ufcstats.com/event-details/67ec58d7cf599835
"April 21, 2018",UFC Fight Night: Barboza vs. Lee,"Atlantic City, New Jersey, USA",http://ufcstats.com/event-details/ad99fa5325519169
"April 14, 2018",UFC Fight Night: Poirier vs. Gaethje,"Glendale, Arizona, USA",http://ufcstats.com/event-details/620be7e0712d431b
"April 07, 2018",UFC 223: Khabib vs. Iaquinta,"Brooklyn, New York, USA",http://ufcstats.com/event-details/49e7e05f902479ca
"March 17, 2018",UFC Fight Night: Werdum vs. Volkov,"London, England, United Kingdom",http://ufcstats.com/event-details/eed2b71d77d95416
"March 03, 2018",UFC 222: Cyborg vs. Kunitskaya,"Las Vegas, Nevada, USA",http://ufcstats.com/event-details/7929be8290289a47
"February 24, 2018",UFC Fight Night: Emmett vs. Stephens,"Orlando, Florida, USA",http://ufcstats.com/event-details/daa89f01e1c0f42a
"February 18, 2018",UFC Fight Night: Cerrone vs. Medeiros,"Austin, Texas, USA",http://ufcstats.com/event-details/d181689653115b6a
"February 10, 2018",UFC 221: Romero vs. Rockhold,"Perth, Western Australia, Australia",http://ufcstats.com/event-details/15515e797aedc137
"February 03, 2018",UFC Fight Night: Machida vs. Anders,"Belem, Para, Brazil",http://ufcstats.com/event-details/7cf20446453f852b
"January 27, 2018",UFC Fight Night: Jacare vs. Brunson 2,"Charlotte, North Carolina, USA",http://ufcstats.com/event-details/602bb270f2bdbf02
"January 20, 2018",UFC 220: Miocic vs. Ngannou,"Boston, Massachusetts, USA",http://ufcstats.com/event-details/02177caefe7c07d4
"January 14, 2018",UFC Fight Night: Stephens vs. Choi,"St. Louis, Missouri, USA",http://ufcstats.com/event-details/fc1868f56d3036eb
"December 30, 2017",UFC 219: Cyborg vs. Holm,"Las Vegas, Nevada, USA",http://ufcstats.com/event-details/04076783ca83d6ae
"December 16, 2017",UFC Fight Night: Lawler vs. Dos Anjos,"Winnipeg, Manitoba, Canada",http://ufcstats.com/event-details/eaa0a728cc91ef60
"December 09, 2017",UFC Fight Night: Swanson vs. Ortega,"Fresno, California, USA",http://ufcstats.com/event-details/bcd124bcd3d5be46
"December 02, 2017",UFC 218: Holloway vs. Aldo 2,"Detroit, Michigan, USA",http://ufcstats.com/event-details/9e30f69cc0869301
"December 01, 2017",The Ultimate Fighter: A New World Champion Finale,"Las Vegas, Nevada, USA",http://ufcstats.com/event-details/30e8b4505f5ccf92
"November 25, 2017",UFC Fight Night: Bisping vs. Gastelum,"Shanghai, Hebei, China",http://ufcstats.com/event-details/e7bc606d269896aa
"November 18, 2017",UFC Fight Night: Werdum vs. Tybura,"Sydney, New South Wales, Australia",http://ufcstats.com/event-details/caced97768818230
"November 11, 2017",UFC Fight Night: Poirier vs. Pettis,"Norfolk, Virginia, USA",http://ufcstats.com/event-details/d856a0080ac09ed7
"November 04, 2017",UFC 217: Bisping vs. St-Pierre,"New York City, New York, USA",http://ufcstats.com/event-details/a25b71fe5e31fa97
"October 28, 2017",UFC Fight Night: Brunson vs. Machida,"Sao Paulo, Sao Paulo, Brazil",http://ufcstats.com/event-details/a7724f51e32e763e
"October 21, 2017",UFC Fight Night: Cerrone vs. Till,"Gdansk, Poland",http://ufcstats.com/event-details/d6b68eaf4b68b160
"October 07, 2017",UFC 216: Ferguson vs. Lee,"Las Vegas, Nevada, USA",http://ufcstats.com/event-details/cc5834a495d1ea08
"September 22, 2017",UFC Fight Night: Saint Preux vs. Okami,"Saitama, Saitama, Japan",http://ufcstats.com/event-details/9211aae062b799d6
"September 16, 2017",UFC Fight Night: Rockhold vs. Branch,"Pittsburgh, Pennsylvania, USA",http://ufcstats.com/event-details/1979c80150f630c4
"September 09, 2017",UFC 215: Nunes vs Shevchenko 2,"Edmonton, Alberta, Canada",http://ufcstats.com/event-details/d86e913c548c07c2
"September 02, 2017",UFC Fight Night: Volkov vs. Struve,"Rotterdam, Zuid-Holland, Netherlands",http://ufcstats.com/event-details/a3244e3238541482
"August 05, 2017",UFC Fight Night: Pettis vs. Moreno,"Mexico City, Distrito Federal, Mexico",http://ufcstats.com/event-details/f4a031ac205ac580
"July 29, 2017",UFC 214: Cormier vs. Jones 2,"Anaheim, California, USA",http://ufcstats.com/event-details/ff9578cdbfabd323
"July 22, 2017",UFC Fight Night: Weidman vs. Gastelum,"Uniondale, New York, USA",http://ufcstats.com/event-details/9f3d6ddef3d3cccc
"July 16, 2017",UFC Fight Night: Nelson vs. Ponzinibbio,"Glasgow, Scotland, United Kingdom",http://ufcstats.com/event-details/d7907a9a968e4d29
"July 08, 2017",UFC 213: Romero vs. Whittaker,"Las Vegas, Nevada, USA",http://ufcstats.com/event-details/686cccbf1a4de453
"July 07, 2017",The Ultimate Fighter: Redemption Finale,"Las Vegas, Nevada, USA",http://ufcstats.com/event-details/23bd78c3f89bdb54
"June 25, 2017",UFC Fight Night: Chiesa vs. Lee,"Oklahoma City, Oklahoma, USA",http://ufcstats.com/event-details/99bf06f20491cb54
"June 17, 2017",UFC Fight Night: Holm vs. Correia,"Kallang, Singapore",http://ufcstats.com/event-details/353de740bb6c7e75
"June 10, 2017",UFC Fight Night: Lewis vs. Hunt,"Auckland, New Zealand",http://ufcstats.com/event-details/90e7447d8b7f3f35
"June 03, 2017",UFC 212: Aldo vs. Holloway,"Rio de Janeiro, Rio de Janeiro, Brazil",http://ufcstats.com/event-details/1507214bbc7a79e2
"May 28, 2017",UFC Fight Night: Gustafsson vs. Teixeira,"Stockholm, Sweden",http://ufcstats.com/event-details/1c7cce2f5c17160d
"May 13, 2017",UFC 211: Miocic vs. Dos Santos,"Dallas, Texas, USA",http://ufcstats.com/event-details/5df10509264586e5
"April 22, 2017",UFC Fight Night: Swanson vs. Lobov,"Nashville, Tennessee, USA",http://ufcstats.com/event-details/bc7f7f0ba3db74d2
"April 15, 2017",UFC on FOX: Johnson vs. Reis,"Kansas City, Missouri, USA",http://ufcstats.com/event-details/ed069a95aaaf4f56
"April 08, 2017",UFC 210: Cormier vs. Johnson 2,"Buffalo, New York, USA",http://ufcstats.com/event-details/e7bfdb5e0112891e
"March 18, 2017",UFC Fight Night: Manuwa vs. Anderson,"London, England, United Kingdom",http://ufcstats.com/event-details/c0231720fe516994
"March 11, 2017",UFC Fight Night: Belfort vs. Gastelum,"Fortaleza, Ceara, Brazil",http://ufcstats.com/event-details/47b7e4e60813b7b2
"March 04, 2017",UFC 209: Woodley vs. Thompson 2,"Las Vegas, Nevada, USA",http://ufcstats.com/event-details/20e403a1acfef130
"February 19, 2017",UFC Fight Night: Lewis vs. Browne,"Halifax, Nova Scotia, Canada",http://ufcstats.com/event-details/b4ad3a06ee4d660c
"February 11, 2017",UFC 208: Holm vs. De Randamie,"Brooklyn, New York, USA",http://ufcstats.com/event-details/865aa315ea62c511
"February 04, 2017",UFC Fight Night: Bermudez vs. The Korean Zombie,"Houston, Texas, USA",http://ufcstats.com/event-details/6a8a06b542e1516d
"January 28, 2017",UFC on FOX: Shevchenko vs. Pena,"Denver, Colorado, USA",http://ufcstats.com/event-details/4512e46543b960ad
"January 15, 2017",UFC Fight Night: Rodriguez vs. Penn,"Phoenix, Arizona, USA",http://ufcstats.com/event-details/46effbd1135423c5
"December 30, 2016",UFC 207: Nunes vs. Rousey,"Las Vegas, Nevada, USA",http://ufcstats.com/event-details/4b2390cfaceb91d8
"December 17, 2016",UFC on FOX: VanZant vs. Waterson,"Sacramento, California, USA",http://ufcstats.com/event-details/32541eb5d12668b4
"December 10, 2016",UFC 206: Holloway vs. Pettis,"Toronto, Ontario, Canada",http://ufcstats.com/event-details/6e3282d57d2467a0
"December 09, 2016",UFC Fight Night: Lewis vs. Abdurakhimov,"Albany, New York, USA",http://ufcstats.com/event-details/7139cd2ae4bf6a29
"December 03, 2016",The Ultimate Fighter: Tournament of Champions Finale,"Las Vegas, Nevada, USA",http://ufcstats.com/event-details/bd4389b71fdc0ce2
"November 26, 2016",UFC Fight Night: Whittaker vs. Brunson,"Melbourne, Victoria, Australia",http://ufcstats.com/event-details/73e09f837f3b5ecc
"November 19, 2016",UFC Fight Night: Bader vs. Nogueira,"Sao Paulo, Sao Paulo, Brazil",http://ufcstats.com/event-details/5cde96e0a1a1fffe
"November 19, 2016",UFC Fight Night: Mousasi vs. Hall 2,"Belfast, Northern Ireland, United Kingdom",http://ufcstats.com/event-details/6810d8d2dd557cf9
"November 12, 2016",UFC 205: Alvarez vs McGregor,"New York City, New York, USA",http://ufcstats.com/event-details/4956f60b7fa57c1a
"November 05, 2016",UFC Fight Night: Dos Anjos vs. Ferguson,"Mexico City, Distrito Federal, Mexico",http://ufcstats.com/event-details/6083f497c22cc075
"October 08, 2016",UFC 204: Bisping vs. Henderson,"Manchester, England, United Kingdom",http://ufcstats.com/event-details/154a6b3ffae264cd
"October 01, 2016",UFC Fight Night: Lineker vs. Dodson,"Portland, Oregon, USA",http://ufcstats.com/event-details/a196332ee4aa8a82
"September 24, 2016",UFC Fight Night: Cyborg vs. Lansberg,"Brasilia, Distrito Federal, Brazil",http://ufcstats.com/event-details/e18012194473e8b0
"September 17, 2016",UFC Fight Night: Poirier vs. Johnson,"Hidalgo, Texas, USA",http://ufcstats.com/event-details/d6455cb4bee503ce
"September 10, 2016",UFC 203: Miocic vs. Overeem,"Cleveland, Ohio, USA",http://ufcstats.com/event-details/2dc7f1762dc0a7ef
"September 03, 2016",UFC Fight Night: Arlovski vs. Barnett,"Hamburg, Hamburg, Germany",http://ufcstats.com/event-details/2b4faacc16d66898
"August 27, 2016",UFC on FOX: Maia vs. Condit,"Vancouver, British Columbia, Canada",http://ufcstats.com/event-details/cfbccfed4e4796fe
"August 20, 2016",UFC 202: Diaz vs. McGregor 2,"Las Vegas, Nevada, USA",http://ufcstats.com/event-details/5da4e8dc02e50ac0
"August 06, 2016",UFC Fight Night: Rodriguez vs. Caceres,"Salt Lake City, Utah, USA",http://ufcstats.com/event-details/232c582f29f8f65e
"July 30, 2016",UFC 201: Lawler vs. Woodley,"Atlanta, Georgia, USA",http://ufcstats.com/event-details/72cbe507644a587c
"July 23, 2016",UFC on FOX: Holm vs. Shevchenko,"Chicago, Illinois, USA",http://ufcstats.com/event-details/8a028648f3f0761d
"July 13, 2016",UFC Fight Night: McDonald vs. Lineker,"Sioux Falls, South Dakota, USA",http://ufcstats.com/event-details/5e7a28f20927d64a
"July 09, 2016",UFC 200: Tate vs Nunes,"Las Vegas, Nevada, USA",http://ufcstats.com/event-details/aa5b4eff51bdc7d1
"July 08, 2016",The Ultimate Fighter: Team Joanna vs. Team Cláudia Finale,"Las Vegas, Nevada, USA",http://ufcstats.com/event-details/cd42bbe8887bba90
"July 07, 2016",UFC Fight Night: Dos Anjos vs. Alvarez,"Las Vegas, Nevada, USA",http://ufcstats.com/event-details/45a2ba3ef82b9700
"June 18, 2016",UFC Fight Night: MacDonald vs Thompson,"Ottawa, Ontario, Canada",http://ufcstats.com/event-details/563d051c9e769b24
"June 04, 2016",UFC 199: Rockhold vs. Bisping 2,"Los Angeles, California, USA",http://ufcstats.com/event-details/ff4c3ab594c7fac3
"May 29, 2016",UFC Fight Night: Almeida vs Garbrandt,"Las Vegas, Nevada, USA",http://ufcstats.com/event-details/990060b2a68a7b82
"May 14, 2016",UFC 198: Werdum vs Miocic,"Curitiba, Parana, Brazil",http://ufcstats.com/event-details/a4bf17bd3ba3423b
"May 08, 2016",UFC Fight Night: Overeem vs Arlovski,"Rotterdam, Zuid-Holland, Netherlands",http://ufcstats.com/event-details/a314687f372b2cec
"April 23, 2016",UFC 197: Jones vs Saint Preux,"Las Vegas, Nevada, USA",http://ufcstats.com/event-details/3d481aa374c954a1
"April 16, 2016",UFC on FOX: Teixeira vs Evans,"Tampa, Florida, USA",http://ufcstats.com/event-details/e7e970d508529bf3
"April 10, 2016",UFC Fight Night: Rothwell vs Dos Santos,"Zagreb, Croatia",http://ufcstats.com/event-details/4887e5bc4dbb73ff
"March 19, 2016",UFC Fight Night: Hunt vs Mir,"Brisbane, Queensland, Australia",http://ufcstats.com/event-details/e60201cfab7d656d
"March 05, 2016",UFC 196: McGregor vs Diaz,"Las Vegas, Nevada, USA",http://ufcstats.com/event-details/db1f2ed63b54b9a7
"February 27, 2016",UFC Fight Night: Silva vs Bisping,"London, England, United Kingdom",http://ufcstats.com/event-details/39c568f8c579913e
"February 21, 2016",UFC Fight Night: Cowboy vs Cowboy,"Pittsburgh, Pennsylvania, USA",http://ufcstats.com/event-details/d56bb6dff2ae77eb
"February 06, 2016",UFC Fight Night: Hendricks vs Thompson,"Las Vegas, Nevada, USA",http://ufcstats.com/event-details/de99da2c0d18d34a
"January 30, 2016",UFC on FOX: Johnson vs. Bader,"Newark, New Jersey, USA",http://ufcstats.com/event-details/b3fb8d2293e17a59
"January 17, 2016",UFC Fight Night: Dillashaw vs Cruz,"Boston, Massachusetts, USA",http://ufcstats.com/event-details/c6becb722706c7d8
"January 02, 2016",UFC 195: Lawler vs Condit,"Las Vegas, Nevada, USA",http://ufcstats.com/event-details/380e8b023290d091
"December 19, 2015",UFC on FOX: Dos Anjos vs. Cowboy 2,"Orlando, Florida, USA",http://ufcstats.com/event-details/80d918336163b80c
"December 12, 2015",UFC 194: Aldo vs McGregor,"Las Vegas, Nevada, USA",http://ufcstats.com/event-details/354808cf38d9d73c
"December 11, 2015",The Ultimate Fighter: Team McGregor vs. Team Faber Finale,"Las Vegas, Nevada, USA",http://ufcstats.com/event-details/20fbff570c678e1c
"December 10, 2015",UFC Fight Night: Namajunas vs. VanZant,"Las Vegas, Nevada, USA",http://ufcstats.com/event-details/dd39f1ca787a3d9d
"November 28, 2015",UFC Fight Night: Henderson vs Masvidal,"Seoul, South Korea",http://ufcstats.com/event-details/4d636c3aa1105950
"November 21, 2015",UFC Fight Night: Magny vs Gastelum,"Monterrey, Nuevo Leon, Mexico",http://ufcstats.com/event-details/243b07fc65ccbb16
"November 14, 2015",UFC 193: Rousey vs Holm,"Melbourne, Victoria, Australia",http://ufcstats.com/event-details/8d04923f2db59b7f
"November 07, 2015",UFC Fight Night: Belfort vs Henderson 3,"Sao Paulo, Sao Paulo, Brazil",http://ufcstats.com/event-details/5345f86680378fc1
"October 24, 2015",UFC Fight Night: Holohan vs Smolka,"Dublin, Leinster, Ireland",http://ufcstats.com/event-details/f3155a94ca420126
"October 03, 2015",UFC 192: Cormier vs Gustafsson,"Houston, Texas, USA",http://ufcstats.com/event-details/119ebea97e914dcf
"September 26, 2015",UFC Fight Night: Barnett vs Nelson,"Saitama, Japan",http://ufcstats.com/event-details/a4dd5c9a75763295
"September 05, 2015",UFC 191: Johnson vs Dodson 2,"Las Vegas, Nevada, USA",http://ufcstats.com/event-details/82f5c81f4e3c3eb5
"August 23, 2015",UFC Fight Night: Holloway vs Oliveira,"Saskatoon, Saskatchewan, Canada",http://ufcstats.com/event-details/2ce6541127b0e232
"August 08, 2015",UFC Fight Night: Teixeira vs Saint Preux,"Nashville, Tennessee, USA",http://ufcstats.com/event-details/b71667c778b6d9e5
"August 01, 2015",UFC 190: Rousey vs Correia,"Rio de Janeiro, Rio de Janeiro, Brazil",http://ufcstats.com/event-details/a9c45a8b21eabadc
"July 25, 2015",UFC on FOX: Dillashaw vs. Barao II,"Chicago, Illinois, USA",http://ufcstats.com/event-details/0c3838c8f7c620c2
"July 18, 2015",UFC Fight Night: Bisping vs Leites,"Glasgow, Scotland, United Kingdom",http://ufcstats.com/event-details/ef7fa30364cbe7f2
"July 15, 2015",UFC Fight Night: Mir vs Duffee,"San Diego, California, USA",http://ufcstats.com/event-details/36877f0e62b25b96
"July 12, 2015",The Ultimate Fighter: American Top Team vs. Blackzilians Finale,"Las Vegas, Nevada, USA",http://ufcstats.com/event-details/a890f9a791ed615d
"July 11, 2015",UFC 189: Mendes vs McGregor,"Las Vegas, Nevada, USA",http://ufcstats.com/event-details/3be081c29bf734d9
"June 27, 2015",UFC Fight Night: Machida vs Romero,"Hollywood, Florida, USA",http://ufcstats.com/event-details/86e388ed20761ad9
"June 20, 2015",UFC Fight Night: Jedrzejczyk vs Penne,"Berlin, Berlin, Germany",http://ufcstats.com/event-details/194fc025f9355db6
"June 13, 2015",UFC 188: Velasquez vs Werdum,"Mexico City, Distrito Federal, Mexico",http://ufcstats.com/event-details/a58114c6dd0add64
"June 06, 2015",UFC Fight Night: Boetsch vs Henderson,"New Orleans, Louisiana, USA",http://ufcstats.com/event-details/06dc1a58663579d2
"May 30, 2015",UFC Fight Night: Condit vs Alves,"Goiania, Goias, Brazil",http://ufcstats.com/event-details/aae0897825336b1a
"May 23, 2015",UFC 187: Johnson vs Cormier,"Las Vegas, Nevada, USA",http://ufcstats.com/event-details/4f7e290e71d60f87
"May 16, 2015",UFC Fight Night: Edgar vs Faber,"Manila, Philippines",http://ufcstats.com/event-details/b1605ea39fba6af6
"May 09, 2015",UFC Fight Night: Miocic vs Hunt,"Adelaide, South Australia, Australia",http://ufcstats.com/event-details/8a1b4330c7957961
"April 25, 2015",UFC 186: Johnson vs Horiguchi,"Montreal, Quebec, Canada",http://ufcstats.com/event-details/997b4f52f76a0b53
"April 18, 2015",UFC on FOX: Machida vs Rockhold,"Newark, New Jersey, USA",http://ufcstats.com/event-details/bc7cf284c1c2f16e
"April 11, 2015",UFC Fight Night: Gonzaga vs Cro Cop 2,"Krakow, Poland",http://ufcstats.com/event-details/5de61b03868035ff
"April 04, 2015",UFC Fight Night: Mendes vs Lamas,"Fairfax, Virginia, USA",http://ufcstats.com/event-details/16d09e800ad7ec79
"March 21, 2015",UFC Fight Night: Maia vs LaFlare,"Rio de Janeiro, Brazil",http://ufcstats.com/event-details/fa534853eb195270
"March 14, 2015",UFC 185: Pettis vs Dos Anjos,"Dallas, Texas, USA",http://ufcstats.com/event-details/f54200f1dfb9b5d4
"February 28, 2015",UFC 184: Rousey vs Zingano,"Los Angeles, California, USA",http://ufcstats.com/event-details/ad4e9055bf8cd04d
"February 22, 2015",UFC Fight Night: Bigfoot vs Mir,"Porto Alegre, Rio Grande do Sul, Brazil",http://ufcstats.com/event-details/0577808d22dfe79c
"February 14, 2015",UFC Fight Night: Henderson vs Thatch,"Broomfield, Colorado, USA",http://ufcstats.com/event-details/f9c7fe2682af3802
"January 31, 2015",UFC 183: Silva vs Diaz,"Las Vegas, Nevada, USA",http://ufcstats.com/event-details/43563a32c3f10e95
"January 24, 2015",UFC on FOX: Gustafsson vs Johnson,"Stockholm, Sweden",http://ufcstats.com/event-details/706404da0775dcbc
"January 18, 2015",UFC Fight Night: McGregor vs Siver,"Boston, Massachusetts, USA",http://ufcstats.com/event-details/f9aa6376ae16bfb4
"January 03, 2015",UFC 182: Jones vs Cormier,"Las Vegas, Nevada, USA",http://ufcstats.com/event-details/a72d260b436924c4
"December 20, 2014",UFC Fight Night: Machida vs Dollaway,"Barueri, Sao Paulo, Brazil",http://ufcstats.com/event-details/4e5bbc4566049cbf
"December 13, 2014",UFC on FOX: Dos Santos vs Miocic,"Phoenix, Arizona, USA",http://ufcstats.com/event-details/d4a12dfa4067742f
"December 12, 2014",The Ultimate Fighter: A Champion Will Be Crowned Finale,"Las Vegas, Nevada, USA",http://ufcstats.com/event-details/222d6b547de2e035
"December 06, 2014",UFC 181: Hendricks vs Lawler II,"Las Vegas, Nevada, USA",http://ufcstats.com/event-details/dfdd0c5dd0d4bc23
"November 22, 2014",UFC Fight Night: Edgar vs Swanson,"Austin, Texas, USA",http://ufcstats.com/event-details/155a02a8b4311057
"November 15, 2014",UFC 180: Werdum vs Hunt,"Mexico City, Distrito Federal, Mexico",http://ufcstats.com/event-details/59851163aaf1aed8
"November 08, 2014",UFC Fight Night 56: Shogun vs Saint Preux,"Uberlandia, Minas Gerais, Brazil",http://ufcstats.com/event-details/6ca68b636fbc1f18
"November 07, 2014",UFC Fight Night: Rockhold vs Bisping,"Sydney, New South Wales, Australia",http://ufcstats.com/event-details/371a1c91b24dec2b
"October 25, 2014",UFC 179: Aldo vs Mendes 2,"Rio de Janeiro, Brazil",http://ufcstats.com/event-details/53f02bbc41d99432
"October 04, 2014",UFC Fight Night: MacDonald vs Saffiedine,"Halifax, Nova Scotia, Canada",http://ufcstats.com/event-details/0313bf497de9c470
"October 04, 2014",UFC Fight Night: Nelson vs Story,"Stockholm, Sweden",http://ufcstats.com/event-details/8dc4f34c1f50d00d
"September 27, 2014",UFC 178: Johnson vs Cariaso,"Las Vegas, Nevada, USA",http://ufcstats.com/event-details/3bb030257966b022
"September 20, 2014",UFC Fight Night: Hunt vs Nelson,"Saitama, Japan",http://ufcstats.com/event-details/2dea80c069847321
"September 13, 2014",UFC Fight Night: Bigfoot vs Arlovski,"Brasilia, Distrito Federal, Brazil",http://ufcstats.com/event-details/a71feb7ea7592a71
"September 05, 2014",UFC Fight Night: Jacare vs Mousasi,"Ledyard, Connecticut, USA",http://ufcstats.com/event-details/9bcfb40dbcd50568
"August 30, 2014",UFC 177: Dillashaw vs Soto,"Sacramento, California, USA",http://ufcstats.com/event-details/269d103c96a4c3a5
"August 23, 2014",UFC Fight Night: Henderson vs Dos Anjos,"Tulsa, Oklahoma, USA",http://ufcstats.com/event-details/063649e21bc9d6d5
"August 23, 2014",UFC Fight Night: Bisping vs Le,"Macau, China",http://ufcstats.com/event-details/770b9d4813c25902
"August 16, 2014",UFC Fight Night: Bader vs Saint Preux,"Bangor, Maine, USA",http://ufcstats.com/event-details/fd7acf42bd6e7e95
"July 26, 2014",UFC on FOX: Lawler vs Brown,"San Jose, California, USA",http://ufcstats.com/event-details/05fbfe628658c538
"July 19, 2014",UFC Fight Night: McGregor vs Brandao,"Dublin, Leinster, Ireland",http://ufcstats.com/event-details/073eee4e62f0d988
"July 16, 2014",UFC Fight Night: Cowboy vs Miller,"Atlantic City, New Jersey, USA",http://ufcstats.com/event-details/79ded75550efc139
"July 06, 2014",The Ultimate Fighter: Team Edgar vs. Team Penn Finale,"Las Vegas, Nevada, USA",http://ufcstats.com/event-details/1c5879330d42255f
"July 05, 2014",UFC 175: Weidman vs Machida,"Las Vegas, Nevada, USA",http://ufcstats.com/event-details/53adf5b845d91e4a
"June 28, 2014",UFC Fight Night: Swanson vs Stephens,"San Antonio, Texas, USA",http://ufcstats.com/event-details/c0ed7b208197e8de
"June 28, 2014",UFC Fight Night: Te Huna vs Marquardt,"Auckland, New Zealand",http://ufcstats.com/event-details/ac9521250dc1a14c
"June 14, 2014",UFC 174: Johnson vs Bagautinov,"Vancouver, British Columbia, Canada",http://ufcstats.com/event-details/5b5307450405abf0
"June 07, 2014",UFC Fight Night: Henderson vs Khabilov,"Albuquerque, New Mexico, USA",http://ufcstats.com/event-details/1fcfc3709fe58151
"May 31, 2014",UFC Fight Night: Miocic vs Maldonado,"Sao Paulo, Brazil",http://ufcstats.com/event-details/59aaf2730b84698a
"May 31, 2014",UFC Fight Night: Munoz vs Mousasi,"Berlin, Germany",http://ufcstats.com/event-details/b757c73f443d4fca
"May 24, 2014",UFC 173: Barao vs Dillashaw,"Las Vegas, Nevada, USA",http://ufcstats.com/event-details/9ca265dfe8323db3
"May 10, 2014",UFC Fight Night: Brown vs Silva,"Cincinnati, Ohio, USA",http://ufcstats.com/event-details/579fcdfcabd23a7b
"April 26, 2014",UFC 172: Jones vs Teixeira,"Baltimore, Maryland, USA",http://ufcstats.com/event-details/4f2fcbefb668689d
"April 19, 2014",UFC on FOX: Werdum vs Browne,"Orlando, Florida, USA",http://ufcstats.com/event-details/a421465acbe59c77
"April 16, 2014",UFC Fight Night: Bisping vs Kennedy,"Quebec City, Quebec, Canada",http://ufcstats.com/event-details/f9f07bb5a43535ed
"April 11, 2014",UFC Fight Night: Minotauro vs Nelson,"Abu Dhabi, United Arab Emirates",http://ufcstats.com/event-details/d632d156c0549e07
"March 23, 2014",UFC Fight Night: Shogun vs Henderson 2,"Natal, Rio Grande do Norte, Brazil",http://ufcstats.com/event-details/d5f820c11a121050
"March 15, 2014",UFC 171: Hendricks vs Lawler,"Dallas, Texas, USA",http://ufcstats.com/event-details/179f1948dc234f1f
"March 08, 2014",UFC Fight Night: Gustafsson vs Manuwa,"London, England, United Kingdom",http://ufcstats.com/event-details/ebc1f40e00e0c481
"March 01, 2014",UFC Fight Night: Kim vs Hathaway,"Macau, China",http://ufcstats.com/event-details/a26198ba5093147e
"February 22, 2014",UFC 170: Rousey vs McMann,"Las Vegas, Nevada, USA",http://ufcstats.com/event-details/3138fab619faf4d1
"February 15, 2014",UFC Fight Night: Machida vs Mousasi,"Jaragua do Sul, Santa Catarina, Brazil",http://ufcstats.com/event-details/51b0bb73a1da34bc
"February 01, 2014",UFC 169: Barao vs Faber 2,"Newark, New Jersey, USA",http://ufcstats.com/event-details/fc31f896cde2bc2e
"January 25, 2014",UFC on FOX: Henderson vs Thomson,"Chicago, Illinois, USA",http://ufcstats.com/event-details/a8d521d913df4e31
"January 15, 2014",UFC Fight Night: Rockhold vs Philippou,"Duluth, Georgia, USA",http://ufcstats.com/event-details/30a09e43f15f1d75
"January 04, 2014",UFC Fight Night: Saffiedine vs Lim,"Singapore, Singapore",http://ufcstats.com/event-details/e5c9de15bb58b1c6
"December 28, 2013",UFC 168: Weidman vs Silva 2,"Las Vegas, Nevada, USA",http://ufcstats.com/event-details/83d0de122f2f9664
"December 14, 2013",UFC on FOX: Johnson vs. Benavidez 2,"Sacramento, California, USA",http://ufcstats.com/event-details/480b702debcb5433
"December 06, 2013",UFC Fight Night: Hunt vs Bigfoot,"Brisbane, Queensland, Australia",http://ufcstats.com/event-details/ee457ef1e1c326c1
"November 30, 2013",The Ultimate Fighter: Team Rousey vs. Team Tate Finale,"Las Vegas, Nevada, USA",http://ufcstats.com/event-details/9a967e8e43dcef63
"November 16, 2013",UFC 167: St-Pierre vs Hendricks,"Las Vegas, Nevada, USA",http://ufcstats.com/event-details/28f3c2258a1d8874
"November 09, 2013",UFC Fight Night: Belfort vs Henderson 2,"Goiania, Goias, Brazil",http://ufcstats.com/event-details/5d7c18191b8aa432
"November 06, 2013",UFC Fight Night: Fight for the Troops 3,"Fort Campbell, Kentucky, USA",http://ufcstats.com/event-details/35dc6220b113b7ec
"October 26, 2013",UFC Fight Night: Machida vs Munoz,"Manchester, England, United Kingdom",http://ufcstats.com/event-details/60884f31ead1609c
"October 19, 2013",UFC 166: Velasquez vs Dos Santos 3,"Houston, Texas, USA",http://ufcstats.com/event-details/eae4aec1a5a8ff01
"October 09, 2013",UFC Fight Night: Maia vs Shields,"Barueri, Sao Paulo, Brazil",http://ufcstats.com/event-details/43612456979e5d5e
"September 21, 2013",UFC 165: Jones vs Gustafsson,"Toronto, Ontario, Canada",http://ufcstats.com/event-details/df5a77121ba84a5d
"September 04, 2013",UFC Fight Night: Teixeira vs Bader,"Belo Horizonte, Minas Gerais, Brazil",http://ufcstats.com/event-details/b23fca14c7b79935
"August 31, 2013",UFC 164: Henderson vs Pettis 2,"Milwaukee, Wisconsin, USA",http://ufcstats.com/event-details/980b4e712489098e
"August 28, 2013",UFC Fight Night: Condit vs Kampmann 2,"Indianapolis, Indiana, USA",http://ufcstats.com/event-details/e5c38954c006f15c
"August 17, 2013",UFC Fight Night: Shogun vs Sonnen,"Boston, Massachusetts, USA",http://ufcstats.com/event-details/cf1a88371c8cb690
"August 03, 2013",UFC 163: Aldo vs Jung,"Rio de Janeiro, Brazil",http://ufcstats.com/event-details/ebc5af72ad5a28cb
"July 27, 2013",UFC on FOX: Johnson vs Moraga,"Seattle, Washington, USA",http://ufcstats.com/event-details/5330fe7e4c3af81c
"July 06, 2013",UFC 162: Silva vs Weidman,"Las Vegas, Nevada, USA",http://ufcstats.com/event-details/e0b74df14f52cd15
"June 15, 2013",UFC 161: Evans vs Henderson,"Winnipeg, Manitoba, Canada",http://ufcstats.com/event-details/8fd1f27e86661ede
"June 08, 2013",UFC on FUEL TV: Nogueira vs. Werdum,"Fortaleza, Ceara, Brazil",http://ufcstats.com/event-details/7865707fd684d77b
"May 25, 2013",UFC 160: Velasquez vs Silva 2,"Las Vegas, Nevada, USA",http://ufcstats.com/event-details/3c241737a6069b9f
"May 18, 2013",UFC on FX: Belfort vs. Rockhold,"Jaragua do Sul, Santa Catarina, Brazil",http://ufcstats.com/event-details/030f08370fd1c2bb
"April 27, 2013",UFC 159: Jones vs Sonnen,"Newark, New Jersey, USA",http://ufcstats.com/event-details/ea0ad155451ed1f5
"April 20, 2013",UFC on FOX: Henderson vs Melendez,"San Jose, California, USA",http://ufcstats.com/event-details/aa79d5399571068e
"April 13, 2013",The Ultimate Fighter: Team Jones vs. Team Sonnen Finale,"Las Vegas, Nevada, USA",http://ufcstats.com/event-details/ce47f49e5c386a9c
"April 06, 2013",UFC on FUEL TV: Mousasi vs Latifi,"Stockholm, Sweden",http://ufcstats.com/event-details/6291ac0a3726732f
"March 16, 2013",UFC 158: St-Pierre vs Diaz,"Montreal, Quebec, Canada",http://ufcstats.com/event-details/f1b2a4365799c48b
"March 02, 2013",UFC on FUEL TV: Silva vs. Stann,"Saitama, Japan",http://ufcstats.com/event-details/83c6c3e0f8bde8ee
"February 23, 2013",UFC 157: Rousey vs Carmouche,"Anaheim, California, USA",http://ufcstats.com/event-details/09c44b317c98bf96
"February 16, 2013",UFC on FUEL TV: Barao vs McDonald,"London, England, United Kingdom",http://ufcstats.com/event-details/4679a38cced7c64a
"February 02, 2013",UFC 156: Aldo vs Edgar,"Las Vegas, Nevada, USA",http://ufcstats.com/event-details/601cf40c09090853
"January 26, 2013",UFC on FOX: Johnson vs Dodson,"Chicago, Illinois, USA",http://ufcstats.com/event-details/738acab0c6934dd8
"January 19, 2013",UFC on FX: Belfort vs Bisping,"Sao Paulo, Brazil",http://ufcstats.com/event-details/56f4b81ec4db61af
"December 29, 2012",UFC 155: Dos Santos vs Velasquez II,"Las Vegas, Nevada, USA",http://ufcstats.com/event-details/c6e6926a81adcd00
"December 15, 2012",The Ultimate Fighter: Team Carwin vs. Team Nelson Finale,"Las Vegas, Nevada, USA",http://ufcstats.com/event-details/c6da1c24fe473418
"December 14, 2012",UFC on FX: Sotiropoulos vs Pearson,"Gold Coast, Queensland, Australia",http://ufcstats.com/event-details/e8c170a64dc920ac
"December 08, 2012",UFC on FOX: Henderson vs Diaz,"Seattle, Washington, USA",http://ufcstats.com/event-details/d1e6a6536ee62517
"November 17, 2012",UFC 154: St-Pierre vs Condit,"Montreal, Quebec, Canada",http://ufcstats.com/event-details/d41937647eae9a34
"November 10, 2012",UFC Macao: Franklin vs Le,"Macau, China",http://ufcstats.com/event-details/319fa1bd3176bded
"October 13, 2012",UFC 153: Silva vs Bonnar,"Rio de Janeiro, Brazil",http://ufcstats.com/event-details/96d173b7f92aa520
"October 05, 2012",UFC on FX: Browne vs Bigfoot,"Minneapolis, Minnesota, USA",http://ufcstats.com/event-details/6a0b80a24f22e152
"September 29, 2012",UFC on FUEL TV: Struve vs Miocic,"Nottingham, England, United Kingdom",http://ufcstats.com/event-details/6cbb7661c3258617
"September 22, 2012",UFC 152: Jones vs Belfort,"Toronto, Ontario, Canada",http://ufcstats.com/event-details/53e533db1b8e9712
"August 11, 2012",UFC 150: Henderson vs Edgar II,"Denver, Colorado, USA",http://ufcstats.com/event-details/3c48019bc387b80c
"August 04, 2012",UFC on FOX: Shogun vs Vera,"Los Angeles, California, USA",http://ufcstats.com/event-details/f62850b3c7480db9
"July 21, 2012",UFC 149: Faber vs Barao,"Calgary, Alberta, Canada",http://ufcstats.com/event-details/abbc4fc02e0d84b3
"July 11, 2012",UFC on FUEL TV: Munoz vs Weidman,"San Jose, California, USA",http://ufcstats.com/event-details/d3b5ad3b15a64a18
"July 07, 2012",UFC 148: Silva vs Sonnen 2,"Las Vegas, Nevada, USA",http://ufcstats.com/event-details/e8efeb9cf33b1941
"June 23, 2012",UFC 147: Silva vs Franklin 2,"Belo Horizonte, Minas Gerais, Brazil",http://ufcstats.com/event-details/3da19339ee7051d5
"June 22, 2012",UFC on FX: Maynard vs Guida,"Atlantic City, New Jersey, USA",http://ufcstats.com/event-details/505934897b8b4824
"June 08, 2012",UFC on FX: Johnson vs McCall,"Sunrise, Florida, USA",http://ufcstats.com/event-details/49590e0508b2c19f
"June 01, 2012",The Ultimate Fighter: Live Finale,"Las Vegas, Nevada, USA",http://ufcstats.com/event-details/96087e90d900f0ef
"May 26, 2012",UFC 146: Dos Santos vs Mir,"Las Vegas, Nevada, USA",http://ufcstats.com/event-details/4985113c0928aa62
"May 15, 2012",UFC on FUEL TV: Korean Zombie vs Poirier,"Fairfax, Virginia, USA",http://ufcstats.com/event-details/8caca5857ce0e30b
"May 05, 2012",UFC on FOX: Diaz vs Miller,"East Rutherford, New Jersey, USA",http://ufcstats.com/event-details/5898357a45a73674
"April 21, 2012",UFC 145: Jones vs Evans,"Atlanta, Georgia, USA",http://ufcstats.com/event-details/155bfc7ed36622df
"April 14, 2012",UFC on FUEL TV: Gustafsson vs Silva,"Stockholm, Sweden",http://ufcstats.com/event-details/21f2974fd08085e3
"March 02, 2012",UFC on FX: Alves vs Kampmann,"Sydney, New South Wales, Australia",http://ufcstats.com/event-details/b5ea750025697880
"February 25, 2012",UFC 144: Edgar vs Henderson,"Saitama, Japan",http://ufcstats.com/event-details/8377c5572cb356f3
"February 15, 2012",UFC on FUEL TV: Sanchez vs Ellenberger,"Omaha, Nebraska, USA",http://ufcstats.com/event-details/0a97691039c4bbfb
"February 04, 2012",UFC 143: Diaz vs Condit,"Las Vegas, Nevada, USA",http://ufcstats.com/event-details/df2cf66d8c0123db
"January 28, 2012",UFC on FOX: Evans vs Davis,"Chicago, Illinois, USA",http://ufcstats.com/event-details/c3c23c99477c041b
"January 20, 2012",UFC on FX: Guillard vs Miller,"Nashville, Tennessee, USA",http://ufcstats.com/event-details/4d74641fac830182
"January 14, 2012",UFC 142: Aldo vs Mendes,"Rio de Janeiro, Brazil",http://ufcstats.com/event-details/18524b46c570730b
"December 30, 2011",UFC 141: Lesnar vs Overeem,"Las Vegas, Nevada, USA",http://ufcstats.com/event-details/91720876db0ee468
"December 10, 2011",UFC 140: Jones vs Machida,"Toronto, Ontario, Canada",http://ufcstats.com/event-details/6d7886b094b471ac
"December 03, 2011",The Ultimate Fighter: Team Bisping vs Team Miller Finale,"Las Vegas, Nevada, USA",http://ufcstats.com/event-details/1f5f75658551f2d3
"November 19, 2011",UFC 139: Shogun vs Henderson,"San Jose, California, USA",http://ufcstats.com/event-details/0ec821423baa26bd
"November 12, 2011",UFC on FOX: Velasquez vs Dos Santos,"Anaheim, California, USA",http://ufcstats.com/event-details/1c061eb6e29eaa0a
"November 05, 2011",UFC 138: Leben vs Munoz,"Birmingham, England, United Kingdom",http://ufcstats.com/event-details/e780ccc79a209985
"October 29, 2011",UFC 137: Penn vs Diaz,"Las Vegas, Nevada, USA",http://ufcstats.com/event-details/8788beb528894f33
"October 08, 2011",UFC 136: Edgar vs Maynard 3,"Houston, Texas, USA",http://ufcstats.com/event-details/7d5b12de1625984e
"October 01, 2011",UFC Live: Cruz vs Johnson,"Washington, DC, USA",http://ufcstats.com/event-details/44f9c777fed7ca03
"September 24, 2011",UFC 135: Jones vs Rampage,"Denver, Colorado, USA",http://ufcstats.com/event-details/73ef22f25d0f70e2
"September 17, 2011",UFC Fight Night: Shields vs Ellenberger,"New Orleans, Louisiana, USA",http://ufcstats.com/event-details/1ffc38f67785797b
"August 27, 2011",UFC 134: Silva vs Okami,"Rio de Janeiro, Brazil",http://ufcstats.com/event-details/18968f97ad34f15c
"August 14, 2011",UFC Live: Hardy vs Lytle,"Milwaukee, Wisconsin, USA",http://ufcstats.com/event-details/4c8d6fde2dde07c4
"August 06, 2011",UFC 133: Evans vs Ortiz 2,"Philadelphia, Pennsylvania, USA",http://ufcstats.com/event-details/f1f9e48a0d150757
"July 02, 2011",UFC 132: Cruz vs Faber,"Las Vegas, Nevada, USA",http://ufcstats.com/event-details/83fd97284f4bb4a4
"June 26, 2011",UFC Live: Kongo vs Barry,"Pittsburgh, Pennsylvania, USA",http://ufcstats.com/event-details/d023ae89a2a4a41e
"June 11, 2011",UFC 131: Dos Santos vs Carwin,"Vancouver, British Columbia, Canada",http://ufcstats.com/event-details/aac5ac38148f0528
"June 04, 2011",The Ultimate Fighter: Team Lesnar vs Team dos Santos Finale,"Las Vegas, Nevada, USA",http://ufcstats.com/event-details/3ba3b5cc94498437
"May 28, 2011",UFC 130: Rampage vs Hamill,"Las Vegas, Nevada, USA",http://ufcstats.com/event-details/b732b326c362fb62
"April 30, 2011",UFC 129: St-Pierre vs Shields,"Toronto, Ontario, Canada",http://ufcstats.com/event-details/2db7fa8db6bc9632
"March 26, 2011",UFC Fight Night: Nogueira vs Davis,"Seattle, Washington, USA",http://ufcstats.com/event-details/8a59d346dc976a10
"March 19, 2011",UFC 128: Shogun vs Jones,"Newark, New Jersey, USA",http://ufcstats.com/event-details/1411c630ba711b64
"March 03, 2011",UFC Live: Sanchez vs Kampmann,"Louisville, Kentucky, USA",http://ufcstats.com/event-details/a54fc2d6fc224dc3
"February 26, 2011",UFC 127: Penn vs Fitch,"Sydney, New South Wales, Australia",http://ufcstats.com/event-details/88a9bc81271ccd89
"February 05, 2011",UFC 126: Silva vs Belfort,"Las Vegas, Nevada, USA",http://ufcstats.com/event-details/65ddc8a9ac4e8531
"January 22, 2011",UFC Fight Night: Fight for the Troops 2,"Killeen, Texas, USA",http://ufcstats.com/event-details/282fa667ff9c51ed
"January 01, 2011",UFC 125: Resolution,"Las Vegas, Nevada, USA",http://ufcstats.com/event-details/d1152823307d7e7c
"December 11, 2010",UFC 124: St-Pierre vs Koscheck 2,"Montreal, Quebec, Canada",http://ufcstats.com/event-details/132f860d02953f4c
"December 04, 2010",The Ultimate Fighter: Team GSP vs Team Koscheck Finale,"Las Vegas, Nevada, USA",http://ufcstats.com/event-details/5d7bdab5e03e3216
"November 20, 2010",UFC 123: Rampage vs Machida,"Auburn Hills, Michigan, USA",http://ufcstats.com/event-details/dd992d569aaebee6
"November 13, 2010",UFC 122: Marquardt vs Okami,"Oberhausen, North Rhine-Westphalia, Germany",http://ufcstats.com/event-details/0ff11cc094e887bc
"October 23, 2010",UFC 121: Lesnar vs Velasquez,"Anaheim, California, USA",http://ufcstats.com/event-details/afdb76fbd86f6d11
"October 16, 2010",UFC 120: Bisping vs Akiyama,"London, England, United Kingdom",http://ufcstats.com/event-details/d512d9f204059f57
"September 25, 2010",UFC 119: Mir vs Cro Cop,"Indianapolis, Indiana, USA",http://ufcstats.com/event-details/ad32471f01e7b1a5
"September 15, 2010",UFC Fight Night: Marquardt vs Palhares,"Austin, Texas, USA",http://ufcstats.com/event-details/acff437707625fc7
"August 28, 2010",UFC 118: Edgar vs Penn 2,"Boston, Massachusetts, USA",http://ufcstats.com/event-details/054defd5420a551f
"August 07, 2010",UFC 117: Silva vs Sonnen,"Oakland, California, USA",http://ufcstats.com/event-details/2f3f12002564bb55
"August 01, 2010",UFC Live: Jones vs Matyushenko,"San Diego, California, USA",http://ufcstats.com/event-details/f12f979b657ab876
"July 03, 2010",UFC 116: Lesnar vs Carwin,"Las Vegas, Nevada, USA",http://ufcstats.com/event-details/140745cbbcb023ac
"June 19, 2010",The Ultimate Fighter: Team Liddell vs Team Ortiz Finale,"Las Vegas, Nevada, USA",http://ufcstats.com/event-details/9bcf8603ceb25680
"June 12, 2010",UFC 115: Liddell vs Franklin,"Vancouver, British Columbia, Canada",http://ufcstats.com/event-details/cfb65863d5099327
"May 29, 2010",UFC 114: Rampage vs Evans,"Las Vegas, Nevada, USA",http://ufcstats.com/event-details/bfc2fc38a0e20211
"May 08, 2010",UFC 113: Machida vs Shogun 2,"Montreal, Quebec, Canada",http://ufcstats.com/event-details/d0c29452d3272603
"April 10, 2010",UFC 112: Invincible,"Abu Dhabi, United Arab Emirates",http://ufcstats.com/event-details/24b033b3daf1c9df
"March 31, 2010",UFC Fight Night: Florian vs Gomi,"Charlotte, North Carolina, USA",http://ufcstats.com/event-details/3ed134d85dfbd7b4
"March 27, 2010",UFC 111: St-Pierre vs Hardy,"Newark, New Jersey, USA",http://ufcstats.com/event-details/c80095f6092271a7
"March 21, 2010",UFC Live: Vera vs Jones,"Broomfield, Colorado, USA",http://ufcstats.com/event-details/3795fca327cbcf23
"February 20, 2010",UFC 110: Nogueira vs Velasquez,"Sydney, New South Wales, Australia",http://ufcstats.com/event-details/49efbdc6c9f650c4
"February 06, 2010",UFC 109: Relentless,"Las Vegas, Nevada, USA",http://ufcstats.com/event-details/15edcf67ccf5be84
"January 11, 2010",UFC Fight Night: Maynard vs Diaz,"Fairfax, Virginia, USA",http://ufcstats.com/event-details/58bc81376286b3d3
"January 02, 2010",UFC 108: Evans vs Silva,"Las Vegas, Nevada, USA",http://ufcstats.com/event-details/a6d8bfe9e0c8153b
"December 12, 2009",UFC 107: Penn vs Sanchez,"Memphis, Tennessee, USA",http://ufcstats.com/event-details/821cd80aab70d5f9
"December 05, 2009",The Ultimate Fighter: Heavyweights Finale,"Las Vegas, Nevada, USA",http://ufcstats.com/event-details/91d73ee59347ac16
"November 21, 2009",UFC 106: Ortiz vs Griffin 2,"Las Vegas, Nevada, USA",http://ufcstats.com/event-details/84a067c46306a737
"November 14, 2009",UFC 105: Couture vs Vera,"Manchester, England, United Kingdom",http://ufcstats.com/event-details/fa8b9e6b0c2269f8
"October 24, 2009",UFC 104: Machida vs Shogun,"Los Angeles, California, USA",http://ufcstats.com/event-details/7c0847d3854a95f2
"September 19, 2009",UFC 103: Franklin vs Belfort,"Dallas, Texas, USA",http://ufcstats.com/event-details/896c322f56b8be5a
"September 16, 2009",UFC Fight Night: Diaz vs Guillard,"Oklahoma City, Oklahoma, USA",http://ufcstats.com/event-details/a8ea84cbe1655f0a
"August 29, 2009",UFC 102: Couture vs Nogueira,"Portland, Oregon, USA",http://ufcstats.com/event-details/c6a33ff198aaaeeb
"August 08, 2009",UFC 101: Declaration,"Philadelphia, Pennsylvania, USA",http://ufcstats.com/event-details/48d1f690b763934c
"July 11, 2009",UFC 100,"Las Vegas, Nevada, USA",http://ufcstats.com/event-details/0ee783aa00e468f0
"June 20, 2009",The Ultimate Fighter: United States vs. United Kingdom Finale,"Las Vegas, Nevada, USA",http://ufcstats.com/event-details/4908c5ee68a50ee5
"June 13, 2009",UFC 99: The Comeback,"Cologne, North Rhine-Westphalia, Germany",http://ufcstats.com/event-details/cb6783c39c01d896
"May 23, 2009",UFC 98: Evans vs Machida,"Las Vegas, Nevada, USA",http://ufcstats.com/event-details/c4b6099f0d25f75e
"April 18, 2009",UFC 97: Redemption,"Montreal, Quebec, Canada",http://ufcstats.com/event-details/1652f3213655b935
"April 01, 2009",UFC Fight Night: Condit vs Kampmann,"Nashville, Tennessee, USA",http://ufcstats.com/event-details/04d5718ed2661e8c
"March 07, 2009",UFC 96: Jackson vs Jardine,"Columbus, Ohio, USA",http://ufcstats.com/event-details/29b5791e51e7e832
"February 21, 2009",UFC 95: Sanchez vs Stevenson,"London, England, United Kingdom",http://ufcstats.com/event-details/7d21de9c6d7c98b2
"February 07, 2009",UFC Fight Night: Lauzon vs Stephens,"Tampa, Florida, USA",http://ufcstats.com/event-details/d1759b2b7be9be56
"January 31, 2009",UFC 94: St-Pierre vs Penn 2,"Las Vegas, Nevada, USA",http://ufcstats.com/event-details/2a542ee8a8b83559
"January 17, 2009",UFC 93: Franklin vs Henderson,"Dublin, Leinster, Ireland",http://ufcstats.com/event-details/68c6cd5287b473a7
"December 27, 2008",UFC 92: The Ultimate 2008,"Las Vegas, Nevada, USA",http://ufcstats.com/event-details/23ab42947c1990e3
"December 13, 2008",The Ultimate Fighter: Team Nogueira vs. Team Mir Finale,"Las Vegas, Nevada, USA",http://ufcstats.com/event-details/ea398c802d9998ee
"December 10, 2008",UFC Fight Night - Fight for the Troops,"Fayetteville, North Carolina, USA",http://ufcstats.com/event-details/30cd319d39ee689b
"November 15, 2008",UFC 91: Couture vs Lesnar,"Las Vegas, Nevada, USA",http://ufcstats.com/event-details/a2b06ca02bca14c0
"October 25, 2008",UFC 90: Silva vs Cote,"Rosemont, Illinois, USA",http://ufcstats.com/event-details/c670aa48827d6be6
"October 18, 2008",UFC 89: Bisping vs Leben,"Birmingham, England, United Kingdom",http://ufcstats.com/event-details/312f47c3d2f83ffa
"September 17, 2008",UFC Fight Night: Diaz vs Neer,"Omaha, Nebraska, USA",http://ufcstats.com/event-details/279093302a6f44b3
"September 06, 2008",UFC 88: Breakthrough,"Atlanta, Georgia, USA",http://ufcstats.com/event-details/0db70ca89e1c7374
"August 09, 2008",UFC 87: Seek And Destroy,"Minneapolis, Minnesota, USA",http://ufcstats.com/event-details/19ffeb5e3fffd6d5
"July 19, 2008",UFC: Silva vs Irvin,"Las Vegas, Nevada, USA",http://ufcstats.com/event-details/46f11d15c0134fe3
"July 05, 2008",UFC 86: Jackson vs Griffin,"Las Vegas, Nevada, USA",http://ufcstats.com/event-details/bf12aca029bfcc47
"June 21, 2008",The Ultimate Fighter: Team Rampage vs Team Forrest Finale,"Las Vegas, Nevada, USA",http://ufcstats.com/event-details/2299605af59fd309
"June 07, 2008",UFC 85: Bedlam,"London, England, United Kingdom",http://ufcstats.com/event-details/2efbc83a6b9b7f86
"May 24, 2008",UFC 84: Ill Will,"Las Vegas, Nevada, USA",http://ufcstats.com/event-details/2549d63da9c456cb
"April 19, 2008",UFC 83: Serra vs St-Pierre 2,"Montreal, Quebec, Canada",http://ufcstats.com/event-details/ad047e3073a775f3
"April 02, 2008",UFC Fight Night: Florian vs Lauzon,"Broomfield, Colorado, USA",http://ufcstats.com/event-details/b9e871af730f826c
"March 01, 2008",UFC 82: Pride of a Champion,"Columbus, Ohio, USA",http://ufcstats.com/event-details/598a58db87b890ee
"February 02, 2008",UFC 81: Breaking Point,"Las Vegas, Nevada, USA",http://ufcstats.com/event-details/597db668b01c442c
"January 23, 2008",UFC Fight Night: Swick vs Burkman,"Las Vegas, Nevada, USA",http://ufcstats.com/event-details/33e33d51f289d2a1
"January 19, 2008",UFC 80: Rapid Fire,"Newcastle, England, United Kingdom",http://ufcstats.com/event-details/a24e080000fa7a35
"December 29, 2007",UFC 79: Nemesis,"Las Vegas, Nevada, USA",http://ufcstats.com/event-details/7269329bd87eb479
"December 08, 2007",The Ultimate Fighter: Team Hughes vs. Team Serra Finale,"Las Vegas, Nevada, USA",http://ufcstats.com/event-details/df85d6ec3493d120
"November 17, 2007",UFC 78: Validation,"Newark, New Jersey, USA",http://ufcstats.com/event-details/1d147d4163a6989b
"October 20, 2007",UFC 77: Hostile Territory,"Cincinnati, Ohio, USA",http://ufcstats.com/event-details/91181b29be041f1c
"September 22, 2007",UFC 76: Knockout,"Anaheim, California, USA",http://ufcstats.com/event-details/bad28b7b34f334de
"September 19, 2007",UFC Fight Night: Thomas vs Florian,"Las Vegas, Nevada, USA",http://ufcstats.com/event-details/f341f9551ba744e2
"September 08, 2007",UFC 75: Champion vs Champion,"London, England, United Kingdom",http://ufcstats.com/event-details/0aa92558424ced9e
"August 25, 2007",UFC 74: Respect,"Las Vegas, Nevada, USA",http://ufcstats.com/event-details/a5c53b3ddb31cc7d
"July 07, 2007",UFC 73: Stacked,"Sacramento, California, USA",http://ufcstats.com/event-details/2a6f8136da1e52c0
"June 23, 2007",The Ultimate Fighter: Team Pulver vs. Team Penn Finale,"Las Vegas, Nevada, USA",http://ufcstats.com/event-details/e7ec11096eac0282
"June 16, 2007",UFC 72: Victory,"Belfast, Northern Ireland, United Kingdom",http://ufcstats.com/event-details/5ca158b1cc9cb242
"June 12, 2007",UFC Fight Night: Stout vs Fisher,"Hollywood, Florida, USA",http://ufcstats.com/event-details/304fcd812f12c589
"May 26, 2007",UFC 71: Liddell vs Jackson,"Las Vegas, Nevada, USA",http://ufcstats.com/event-details/2e04a3b4a2011b97
"April 21, 2007",UFC 70: Nations Collide,"Manchester, England, United Kingdom",http://ufcstats.com/event-details/4604ab1de9058474
"April 07, 2007",UFC 69: Shootout,"Houston, Texas, USA",http://ufcstats.com/event-details/c1684f00c626f4c0
"April 05, 2007",UFC Fight Night: Stevenson vs Guillard,"Las Vegas, Nevada, USA",http://ufcstats.com/event-details/a6c2f5381d575920
"March 03, 2007",UFC 68: The Uprising,"Columbus, Ohio, USA",http://ufcstats.com/event-details/de3ed2e152520c8d
"February 03, 2007",UFC 67: All or Nothing,"Las Vegas, Nevada, USA",http://ufcstats.com/event-details/63b65af1c5cb02cb
"January 25, 2007",UFC Fight Night: Evans vs Salmon,"Hollywood, Florida, USA",http://ufcstats.com/event-details/13c4313ed0f744f3
"December 30, 2006",UFC 66: Liddell vs Ortiz 2,"Las Vegas, Nevada, USA",http://ufcstats.com/event-details/ee5df903f80c6816
"December 13, 2006",UFC Fight Night: Sanchez vs Riggs,"San Diego, California, USA",http://ufcstats.com/event-details/21b8a0f5c231096f
"November 18, 2006",UFC 65: Bad Intentions,"Sacramento, California, USA",http://ufcstats.com/event-details/3fed746acfd026dd
"November 11, 2006",The Ultimate Fighter: The Comeback Finale,"Las Vegas, Nevada, USA",http://ufcstats.com/event-details/baf942f4bcb09894
"October 14, 2006",UFC 64: Unstoppable,"Las Vegas, Nevada, USA",http://ufcstats.com/event-details/13b2f59210dda9cc
"October 10, 2006",Ortiz vs Shamrock 3: The Final Chapter,"Hollywood, Florida, USA",http://ufcstats.com/event-details/577ec7e108b94be3
"September 23, 2006",UFC 63: Hughes vs Penn,"Anaheim, California, USA",http://ufcstats.com/event-details/13e62d766b709aa6
"August 26, 2006",UFC 62: Liddell vs Sobral,"Las Vegas, Nevada, USA",http://ufcstats.com/event-details/f717b6002486f73f
"August 17, 2006",UFC Fight Night 6,"Las Vegas, Nevada, USA",http://ufcstats.com/event-details/46c8ec317aff28ac
"July 08, 2006",UFC 61: Bitter Rivals,"Las Vegas, Nevada, USA",http://ufcstats.com/event-details/f70144caea5c4c80
"June 28, 2006",UFC Fight Night 5,"Las Vegas, Nevada, USA",http://ufcstats.com/event-details/445a98acb8985970
"June 24, 2006",The Ultimate Fighter: Team Ortiz vs. Team Shamrock Finale,"Las Vegas, Nevada, USA",http://ufcstats.com/event-details/1dab0d1d81dd06db
"May 27, 2006",UFC 60: Hughes vs Gracie,"Los Angeles, California, USA",http://ufcstats.com/event-details/a54a35a670d8e852
"April 15, 2006",UFC 59: Reality Check,"Anaheim, California, USA",http://ufcstats.com/event-details/03688dc3c3af3ac1
"April 06, 2006",UFC Fight Night 4,"Las Vegas, Nevada, USA",http://ufcstats.com/event-details/b361180739bed4b0
"March 04, 2006",UFC 58: USA vs Canada,"Las Vegas, Nevada, USA",http://ufcstats.com/event-details/0e9869d712e81f8f
"February 04, 2006",UFC 57: Liddell vs Couture 3,"Las Vegas, Nevada, USA",http://ufcstats.com/event-details/977081bc01197656
"January 16, 2006",UFC Fight Night 3,"Las Vegas, Nevada, USA",http://ufcstats.com/event-details/2ee09ec2a0695eb9
"November 19, 2005",UFC 56: Full Force,"Las Vegas, Nevada, USA",http://ufcstats.com/event-details/c7e9d15cfce52f1d
"November 05, 2005",The Ultimate Fighter: Team Hughes vs. Team Franklin Finale,"Las Vegas, Nevada, USA",http://ufcstats.com/event-details/31ceaf0e670c1578
"October 07, 2005",UFC 55: Fury,"Uncasville, Connecticut, USA",http://ufcstats.com/event-details/271fe91f4ba9d2c5
"October 03, 2005",UFC Fight Night 2,"Las Vegas, Nevada, USA",http://ufcstats.com/event-details/efaf544314bb5c2e
"August 20, 2005",UFC 54: Boiling Point,"Las Vegas, Nevada, USA",http://ufcstats.com/event-details/669a3cb6e394f515
"August 06, 2005",UFC Fight Night 1,"Las Vegas, Nevada, USA",http://ufcstats.com/event-details/3f24c96753dbd9f9
"June 04, 2005",UFC 53: Heavy Hitters,"Atlantic City, New Jersey, USA",http://ufcstats.com/event-details/d3711d3784b76255
"April 16, 2005",UFC 52: Couture vs Liddell 2,"Las Vegas, Nevada, USA",http://ufcstats.com/event-details/c933d423ebdbbbdb
"April 09, 2005",The Ultimate Fighter: Team Couture vs. Team Liddell Finale,"Las Vegas, Nevada, USA",http://ufcstats.com/event-details/fbbde91f7bc2d3c5
"February 05, 2005",UFC 51: Super Saturday,"Las Vegas, Nevada, USA",http://ufcstats.com/event-details/85d905f7c4f5a1af
"October 22, 2004",UFC 50: The War Of '04,"Atlantic City, New Jersey, USA",http://ufcstats.com/event-details/ce783bf73b5131f9
"August 21, 2004",UFC 49: Unfinished Business,"Las Vegas, Nevada, USA",http://ufcstats.com/event-details/b4bc2e3353a770b5
"June 19, 2004",UFC 48: Payback,"Las Vegas, Nevada, USA",http://ufcstats.com/event-details/429e7d3725852ce9
"April 02, 2004",UFC 47: It's On!,"Las Vegas, Nevada, USA",http://ufcstats.com/event-details/e8fb8e53bc2e29d6
"January 31, 2004",UFC 46: Supernatural,"Las Vegas, Nevada, USA",http://ufcstats.com/event-details/94609dd91731d428
"November 21, 2003",UFC 45: Revolution,"Uncasville, Connecticut, USA",http://ufcstats.com/event-details/e670f8cc2969a789
"September 26, 2003",UFC 44: Undisputed,"Las Vegas, Nevada, USA",http://ufcstats.com/event-details/c61f66d8c3fd5f07
"June 06, 2003",UFC 43: Meltdown,"Las Vegas, Nevada, USA",http://ufcstats.com/event-details/108afe61a26bcbf4
"April 25, 2003",UFC 42: Sudden Impact,"Miami, Florida, USA",http://ufcstats.com/event-details/ae58685caf8e4a0d
"February 28, 2003",UFC 41: Onslaught,"Atlantic City, New Jersey, USA",http://ufcstats.com/event-details/bba678d312590087
"November 22, 2002",UFC 40: Vendetta,"Las Vegas, Nevada, USA",http://ufcstats.com/event-details/e06fd1260ac865a7
"September 27, 2002",UFC 39: The Warriors Return,"Uncasville, Connecticut, USA",http://ufcstats.com/event-details/0cf935519d439ba6
"July 13, 2002",UFC 38: Brawl at the Hall,"London, England, United Kingdom",http://ufcstats.com/event-details/1dc56b59cb28425d
"June 22, 2002",UFC 37.5: As Real As It Gets,"Las Vegas, Nevada, USA",http://ufcstats.com/event-details/9ccdd2ce45903f34
"May 10, 2002",UFC 37: High Impact,"Bossier City, Louisiana, USA",http://ufcstats.com/event-details/9fd1f08dd4aec14a
"March 22, 2002",UFC 36: Worlds Collide,"Las Vegas, Nevada, USA",http://ufcstats.com/event-details/02fc8f50f56eb307
"January 11, 2002",UFC 35: Throwdown,"Uncasville, Connecticut, USA",http://ufcstats.com/event-details/946f341df6472ee0
"November 02, 2001",UFC 34: High Voltage,"Las Vegas, Nevada, USA",http://ufcstats.com/event-details/4dc496aa0cfc0d95
"September 28, 2001",UFC 33: Victory in Vegas,"Las Vegas, Nevada, USA",http://ufcstats.com/event-details/c75b99887c8c3f5a
"June 29, 2001",UFC 32: Showdown in the Meadowlands,"East Rutherford, New Jersey, USA",http://ufcstats.com/event-details/7b9aa973e5c04624
"May 04, 2001",UFC 31: Locked and Loaded,"Atlantic City, New Jersey, USA",http://ufcstats.com/event-details/20bd6c3e03c46ee6
"February 23, 2001",UFC 30: Battle on the Boardwalk,"Atlantic City, New Jersey, USA",http://ufcstats.com/event-details/2b1587a3376ab743
"December 16, 2000",UFC 29: Defense of the Belts,"Tokyo, Japan",http://ufcstats.com/event-details/08ae5cd9aef7ddd3
"November 17, 2000",UFC 28: High Stakes,"Atlantic City, New Jersey, USA",http://ufcstats.com/event-details/da6dfd09cca1d705
"September 22, 2000",UFC 27: Ultimate Bad Boyz,"New Orleans, Louisiana, USA",http://ufcstats.com/event-details/31652c9267606d54
"June 09, 2000",UFC 26: Ultimate Field Of Dreams,"Cedar Rapids, Iowa, USA",http://ufcstats.com/event-details/cedfdf8d423d500c
"April 14, 2000",UFC 25: Ultimate Japan 3,"Tokyo, Japan",http://ufcstats.com/event-details/d2b1c1317a39f6c6
"March 10, 2000",UFC 24: First Defense,"Lake Charles, Louisiana, USA",http://ufcstats.com/event-details/20ec0061400178ca
"November 19, 1999",UFC 23: Ultimate Japan 2,"Chiba, Japan",http://ufcstats.com/event-details/a8fa0c4e95512806
"September 24, 1999",UFC 22: Only One Can be Champion,"Lake Charles, Louisiana, USA",http://ufcstats.com/event-details/afaad7d6a581e307
"July 16, 1999",UFC 21: Return of the Champions,"Cedar Rapids, Iowa, USA",http://ufcstats.com/event-details/1a1a4d7a29041d77
"May 07, 1999",UFC 20: Battle for the Gold,"Birmingham, Alabama, USA",http://ufcstats.com/event-details/a7b48e18ca27795d
"March 05, 1999",UFC 19: Ultimate Young Guns,"Bay St. Louis, Mississippi, USA",http://ufcstats.com/event-details/a220be6d41d6f97d
"January 08, 1999",UFC 18: The Road to the Heavyweight Title,"New Orleans, Louisiana, USA",http://ufcstats.com/event-details/c9bbf1a0285a8076
"October 16, 1998",UFC - Ultimate Brazil,"Sao Paulo, Brazil",http://ufcstats.com/event-details/32a3025d5db456ae
"May 15, 1998",UFC 17: Redemption,"Mobile, Alabama, USA",http://ufcstats.com/event-details/4a01dc8376736ef5
"March 13, 1998",UFC 16: Battle in the Bayou,"New Orleans, Louisiana, USA",http://ufcstats.com/event-details/749685d24e2cac50
"December 21, 1997",UFC - Ultimate Japan,"Yokohama, Kanagawa, Japan",http://ufcstats.com/event-details/29f935654825331b
"October 17, 1997",UFC 15: Collision Course,"Bay St. Louis, Mississippi, USA",http://ufcstats.com/event-details/07a18ae55dfc3cd9
"July 27, 1997",UFC 14: Showdown,"Birmingham, Alabama, USA",http://ufcstats.com/event-details/dc950d59dc590aca
"May 30, 1997",UFC 13: The Ultimate Force,"Augusta, Georgia, USA",http://ufcstats.com/event-details/5bd533d50c8e7b8a
"February 07, 1997",UFC 12: Judgement Day,"Dothan, Alabama, USA",http://ufcstats.com/event-details/96eff1a628adcc7f
"December 07, 1996",UFC - Ultimate Ultimate '96,"Birmingham, Alabama, USA",http://ufcstats.com/event-details/9b5b5a75523728f3
"September 20, 1996",UFC 11: The Proving Ground,"Augusta, Georgia, USA",http://ufcstats.com/event-details/6ceff86fae4f6b3b
"July 12, 1996",UFC 10: The Tournament,"Birmingham, Alabama, USA",http://ufcstats.com/event-details/aee8eecfc4bfb1e7
"May 17, 1996",UFC 9: Motor City Madness,"Detroit, Michigan, USA",http://ufcstats.com/event-details/a390eb8a9b2df298
"February 16, 1996",UFC 8: David vs Goliath,"San Juan, Puerto Rico",http://ufcstats.com/event-details/b63e800c18e011b5
"December 16, 1995",UFC - Ultimate Ultimate '95,"Denver, Colorado, USA",http://ufcstats.com/event-details/31bbd46d57dfbcb7
"September 08, 1995",UFC 7: The Brawl in Buffalo,"Buffalo, New York, USA",http://ufcstats.com/event-details/5af480a3b2e1726b
"July 14, 1995",UFC 6: Clash of the Titans,"Casper, Wyoming, USA",http://ufcstats.com/event-details/1c3f5e85b59ec710
"April 07, 1995",UFC 5: The Return of the Beast,"Charlotte, North Carolina, USA",http://ufcstats.com/event-details/dedc3bb440d09554
"December 16, 1994",UFC 4: Revenge of the Warriors,"Tulsa, Oklahoma, USA",http://ufcstats.com/event-details/b60391da771deefe
"September 09, 1994",UFC 3: The American Dream,"Charlotte, North Carolina, USA",http://ufcstats.com/event-details/1a49e0670dfaca31
"March 11, 1994",UFC 2: No Way Out,"Denver, Colorado, USA",http://ufcstats.com/event-details/a6a9ab5a824e8f66
"November 12, 1993",UFC 1: The Beginning,"Denver, Colorado, USA",http://ufcstats.com/event-details/6420efac0578988b
